team_name,conversation_id,message_type,content,user_name,category,similar_records,feedback_rating,feedback_comment,created_at,message_id
DM,a:1pGjv0XYjuFu65hsZ92hJhE3z-FFoh0YaqWsz46CEhGk0GX6EQn69rru3oaD_09ugbWUdBW45Dy3cyoNMkE7qx2e9SmDPu9LgcXzC97yxQBXfp67svYEQh6FvgEcQM4se,user,今年年休が5年の節目に該当する社員の入社年度を教えてください。,Junichi Fuse (布施 潤一),,,,,2026-06-04T23:51:50.201Z,1780617109373
DM,a:1pGjv0XYjuFu65hsZ92hJhE3z-FFoh0YaqWsz46CEhGk0GX6EQn69rru3oaD_09ugbWUdBW45Dy3cyoNMkE7qx2e9SmDPu9LgcXzC97yxQBXfp67svYEQh6FvgEcQM4se,assistant,[選択された関数][searchEmployeeRules],,,,,,2026-06-04T23:51:51.155Z,1780617109373
DM,a:1pGjv0XYjuFu65hsZ92hJhE3z-FFoh0YaqWsz46CEhGk0GX6EQn69rru3oaD_09ugbWUdBW45Dy3cyoNMkE7qx2e9SmDPu9LgcXzC97yxQBXfp67svYEQh6FvgEcQM4se,assistant,[カテゴリ選択],,制度・運用,,,,2026-06-04T23:51:51.158Z,1780617109373
DM,a:1pGjv0XYjuFu65hsZ92hJhE3z-FFoh0YaqWsz46CEhGk0GX6EQn69rru3oaD_09ugbWUdBW45Dy3cyoNMkE7qx2e9SmDPu9LgcXzC97yxQBXfp67svYEQh6FvgEcQM4se,tool,[searchEmployeeRulesの実行結果],,,"[{'content': '（２）勤続年数１年以上５年未満の社員\t１年\n\n（３）勤続年数５年以上10年未満の社員\t１年６ヵ月\n\n（４）勤続年数10年以上の社員\t２年\n\n２\u3000その他負傷し、又は疾病にかかったとき\n\n（１）勤続年数10年未満の社員\t３ヵ月\n\n（２）勤続年数10年以上20年未満の社員\t６ヵ月\n\n（３）勤続年数20年以上の社員\t１年\n\n別表３\u3000定年退職者の継続雇用の対象となるグループ会社\n\n会社名 （株）ドコモＣＳ ドコモ・サポート（株） ドコモ・テクノロジ（株） （株）ドコモＣＳ北海道 （株）ドコモＣＳ東北 （株）ドコモＣＳ東海 （株）ドコモＣＳ北陸 （株）ドコモＣＳ関西 （株）ドコモＣＳ中国 （株）ドコモＣＳ四国 （株）ドコモＣＳ九州 （株）ドコモ・プラスハーティ NTTドコモビジネス（株） NTTドコモビジネスエンジニアリング（株） ＮＴＴコム オンライン・マーケティング・ソリューション（株） エヌ・ティ・ティ・コム チェオ（株） （株）エヌ・ティ・ティピー・シーコミュニケーションズ エヌ・ティ・ティ・ワールドエンジニアリングマリン（株） NTTドコモビジネスソリューションズ（株） エヌ・ティ・ティ・ビズリンク（株） NTTドコモソリューションズ（株）\n\n別表４\u3000\u3000グレード昇給額の減額割合\n\n区\u3000\u3000\u3000\u3000\u3000\u3000分 減\u3000額\u3000割\u3000合 １．懲戒処分がある社員 ⅰ．出勤停止処分\u3000処分１回につき\u3000４分の３ ⅱ．減給処分\u3000\u3000\u3000処分１回につき\u3000４分の２ ⅲ．譴責処分\u3000\u3000\u3000処分１回につき\u3000４分の２ ２．無断欠勤がある社員 その情状により４分の２又は４分の３\n\n別表５\u3000\u3000一年あたりの累積額（グレード要素）\n\n\u3000\u3000\u3000\u3000\u3000\u3000\u3000\u3000\u3000\u3000\u3000\u3000\u3000\u3000\u3000\u3000\u3000\u3000\u3000（単位：円）\n\nグレード グレード６ グレード５ グレード４ グレード３ グレード２ グレード１ 累積額 258,000 292,800 338,400 392,400 446,400 480,000 グレード スペシャリストグレード２ スペシャリストグレード１ 累積額 480,000 571,200\n\n別表６\u3000\u3000確定拠出年金年齢別乗率', 'metadata': {'source': None, 'category_depth': 0, 'languages': ['jpn'], 'filetype': 'application/vnd.openxmlformats-officedocument.wordprocessingml.document', 'url': 'http://localhost:8080/docs/.vantiq/semanticindexes/jp.co.nttexc.workRules/entries/01 社員就業規則等_202512_policy-operations_regulation_employee', 'parent_id': 'd5cb2c6b28f4e1ff199870561eace9d4', 'text_as_html': '<table><tr><td>基準学歴 グレード</td><td>高卒</td><td>短大</td><td>大学卒</td></tr><tr><td>グレード６</td><td>１５７，２９０円</td><td>１６３，２９０円</td><td>１９３，２９０円（修） １８１，２９０円</td></tr></table>', 'header_footer_type': 'primary', 'categories': ['policy-operations', 'regulation', 'employee'], 'is_qa': False, 'can_open': True, 'display_name': '01 社員就業規則等_202512.docx', 'uploaded_at': '2026-02-20 14:39:43', 'id': '01 社員就業規則等_202512_policy-operations_regulation_employee', 'fileName': '01 社員就業規則等_202512.docx', '_id': '17d9b3c6-2c65-4622-87b9-0e584bb89537', '_collection_name': 'jp.co.nttexc.workRules__your_navi_qai_docomo'}, 'score': 0.93554008}, {'content': '２\t社員が前休暇年度中（前年の10月１日から引き続いた１年間をいう。）に勤続年数５年、10年、15年、20年、25年、30年、35年、40年に達した場合、当該休暇年度の初日に５日のライフプラン休暇が与えられ、前項の日数に加えて積み立てることができる。\n\n３\t前１項及び２項による積立日数は、合計40日までとする。\n\n特別休暇\n\n第\u300044\u3000条\t社員が次の各号の一に該当する理由により勤務日に勤務しないときは、当該各号に定めるところにより、その者に特別休暇が与えられる。', 'metadata': {'source': None, 'category_depth': 0, 'languages': ['jpn'], 'filetype': 'application/vnd.openxmlformats-officedocument.wordprocessingml.document', 'url': 'http://localhost:8080/docs/.vantiq/semanticindexes/jp.co.nttexc.workRules/entries/01 社員就業規則等_202512_policy-operations_regulation_employee', 'parent_id': 'd5cb2c6b28f4e1ff199870561eace9d4', 'text_as_html': '<table><tr><td>基準学歴 グレード</td><td>高卒</td><td>短大</td><td>大学卒</td></tr><tr><td>グレード６</td><td>１５７，２９０円</td><td>１６３，２９０円</td><td>１９３，２９０円（修） １８１，２９０円</td></tr></table>', 'header_footer_type': 'primary', 'categories': ['policy-operations', 'regulation', 'employee'], 'is_qa': False, 'can_open': True, 'display_name': '01 社員就業規則等_202512.docx', 'uploaded_at': '2026-02-20 14:39:43', 'id': '01 社員就業規則等_202512_policy-operations_regulation_employee', 'fileName': '01 社員就業規則等_202512.docx', '_id': '87d83a32-5e84-425c-8f3a-85f9a5d5b369', '_collection_name': 'jp.co.nttexc.workRules__your_navi_qai_docomo'}, 'score': 0.942774775}, {'content': '第２章\u3000会社による年次休暇の時季指定について\n\n会社による年次休暇の時季指定については、以下のとおりとする。\n\n１．目的\n\n全ての従業員の心身の健康確保・増進に資することを目的として、10日以上の年次休暇が発効される社員、キャリアS、キャリアⅠ、キャリアⅡ、キャリアⅢ、エキスパートⅠ、エキスパートⅡ、アドバンスト・プロフェッショナル、常勤嘱託及び臨時雇（以下、「社員等」という。）については、より確実な年次休暇の取得にむけ、会社による年次休暇の時季指定（以下、「時季指定」という。）を実施する。\n\n２．対象者\n\n10日以上の年次休暇が発効された社員等（管理監督者を含む。）\n\n３．時季指定時期及び実施方法\n\n年次休暇を10日以上発効した社員等について、年次休暇の発効の日から11ヵ月を経過した時点で、当該年次休暇の取得日数が日又は半日単位で５日に満たない場合は、その不足分について、12ヵ月目において、社員等の希望を勘案したうえで会社があらかじめ時季を指定し、日又は半日を単位に取得させることとする。\n\n４．休暇年度中に休暇、休職及び休業から復帰した場合の扱い\n\n休暇、休職及び休業から復帰した社員等については、復帰後に前項の定めのとおり時季指定を実施する。\n\nなお、復帰した時点で時季指定期間の残りの日数が、時季指定すべき年次休暇の残日数より少ない場合は、その期間の全てについて時季指定を実施する。\n\n５．時季指定期間に重複が生じた場合の扱い\n\n中途採用等により10日以上の年次休暇が複数回発効され時季指定期間に重複が生じる場合は、前の期間の始期から後の期間の終期までの期間の長さに応じて比例按分した日数について時季指定を実施する。\n\n比例按分計算は次のとおりとする。\n\n（前の期間の始期から後の期間の終期までの月数）\n\n12\n\nなお、時季指定時期及び実施方法については第３項に準じて扱うこととする。\n\n６．転籍・出向の扱い\n\n年次休暇を引き継ぐ転籍及び出向については転籍及び出向元会社における年次休暇発効日から１年以内の年次休暇の取得日数が日又は半日単位で５日に満たない場合は、その不足分について、社員の希望を勘案したうえで会社があらかじめ時季を指定し、日又は半日を単位に取得させることとする。', 'metadata': {'source': None, 'category_depth': 0, 'page_number': 4, 'languages': ['jpn'], 'filetype': 'application/vnd.openxmlformats-officedocument.wordprocessingml.document', 'url': 'http://localhost:8080/docs/.vantiq/semanticindexes/jp.co.nttexc.workRules/entries/39 勤務時間、休日、休暇、休職及び勤務票等について_202511_policy-operations_regulation_regulation-others', 'parent_id': '7dff66fa9877527ea0d4efe0374c8e3a', 'categories': ['policy-operations', 'regulation', 'regulation-others'], 'is_qa': False, 'can_open': True, 'display_name': '39 勤務時間、休日、休暇、休職及び勤務票等について_202511.docx', 'uploaded_at': '2026-02-20 14:42:05', 'id': '39 勤務時間、休日、休暇、休職及び勤務票等について_202511_policy-operations_regulation_regulation-others', 'fileName': '39 勤務時間、休日、休暇、休職及び勤務票等について_202511.docx', '_id': 'e010a863-6b61-4360-a7f2-f456272bdd7e', '_collection_name': 'jp.co.nttexc.workRules__your_navi_qai_docomo'}, 'score': 0.9368587500000001}, {'content': '採用月 4 5 6 7 8 9 10 11 12 1 2 3 日\u3000数 7 6 5 4 3 2 13 12 11 10 10 10\n\n年次休暇の有効期間\n\n第\u300039\u3000条\t年次休暇の有効期間は、発効の日から２年間とする。\n\nただし、前条第２項の休暇日数については、発効の日から２年経過後の９月末日までとする。\n\n年次休暇の時季の指定等\n\n第\u300040\u3000条\t社員は、年次休暇の時季の指定をする場合、事前に（すべての週休日を日曜日及び土曜日に設定する定型勤務を行う社員以外の社員に係る年次休暇については、前々日までに）行わなければならない。ただし、指定された時季における年次休暇が事業の正常な運営を妨げる場合は、所属長は他の時季に変更することができるものとする。\n\n２\u3000会社は第38条の年次休暇が10日以上発効された社員に対して、発効日から１年以内の年次休暇の取得日数が日又は半日単位で５日に満たない場合は、その不足分について、社員の希望を勘案したうえで会社があらかじめ時季を指定し、日又は半日を単位に取得させることとする。\n\n年次休暇の計画的取得\n\n第\u300041\u3000条\t社員は、夏季（６月から９月までをいう。）において年次休暇の一部を計画的に取得することができる\n\n年次休暇の単位\n\n第\u300042\u3000条\t年次休暇は、原則として日を単位とするが、半日又は１時間を単位とすることもできる。\n\nただし、１時間を単位とした休暇は、一休暇年度内で５日を上限とする。\n\n２\t半日又は１時間を単位とする場合における取扱いは、次のとおりとする。\n\n(1)\u3000半日単位の休暇は、所定の拘束時間の２分の１とし、２回をもって１日単位の休暇とみなす\n\n(2)\u3000１時間単位の休暇は、１日の定められた勤務時間数をもって１日単位の休暇とみなす。\n\nライフプラン休暇\n\n第\u300043\u3000条\t社員は、休暇年度の末日において失効となる年次休暇のうち、毎年３日を限度にライフプラン休暇として積み立てることができる。\n\n２\t社員が前休暇年度中（前年の10月１日から引き続いた１年間をいう。）に勤続年数５年、10年、15年、20年、25年、30年、35年、40年に達した場合、当該休暇年度の初日に５日のライフプラン休暇が与えられ、前項の日数に加えて積み立てることができる。\n\n３\t前１項及び２項による積立日数は、合計40日までとする。\n\n特別休暇', 'metadata': {'source': None, 'category_depth': 0, 'languages': ['jpn'], 'filetype': 'application/vnd.openxmlformats-officedocument.wordprocessingml.document', 'url': 'http://localhost:8080/docs/.vantiq/semanticindexes/jp.co.nttexc.workRules/entries/01 社員就業規則等_202512_policy-operations_regulation_employee', 'parent_id': 'd5cb2c6b28f4e1ff199870561eace9d4', 'text_as_html': '<table><tr><td>基準学歴 グレード</td><td>高卒</td><td>短大</td><td>大学卒</td></tr><tr><td>グレード６</td><td>１５７，２９０円</td><td>１６３，２９０円</td><td>１９３，２９０円（修） １８１，２９０円</td></tr></table>', 'header_footer_type': 'primary', 'categories': ['policy-operations', 'regulation', 'employee'], 'is_qa': False, 'can_open': True, 'display_name': '01 社員就業規則等_202512.docx', 'uploaded_at': '2026-02-20 14:39:43', 'id': '01 社員就業規則等_202512_policy-operations_regulation_employee', 'fileName': '01 社員就業規則等_202512.docx', '_id': '510f8da2-69b6-4b7e-84df-20c1fb5c699e', '_collection_name': 'jp.co.nttexc.workRules__your_navi_qai_docomo'}, 'score': 0.935751915}]",,,2026-06-04T23:51:53.365Z,1780617109373
DM,a:1pGjv0XYjuFu65hsZ92hJhE3z-FFoh0YaqWsz46CEhGk0GX6EQn69rru3oaD_09ugbWUdBW45Dy3cyoNMkE7qx2e9SmDPu9LgcXzC97yxQBXfp67svYEQh6FvgEcQM4se,assistant,"今年、年次休暇が5年の節目に該当する社員は「今年で勤続年数が5年に達する社員」です。

そのため、今年が2024年の場合、2019年に入社した社員が該当します。

- 2024年に勤続5年となる社員の入社年度：2019年度

この社員は、休暇年度の初日にライフプラン休暇5日が付与されます。

※AIの回答は必ずしも正確ではありません。参照情報も確認いただき、最終判断は所属部署の公式情報をご確認ください。",,,,,,2026-06-04T23:51:56.011Z,1780617109373
DM,a:1pGjv0XYjuFu65hsZ92hJhE3z-FFoh0YaqWsz46CEhGk0GX6EQn69rru3oaD_09ugbWUdBW45Dy3cyoNMkE7qx2e9SmDPu9LgcXzC97yxQBXfp67svYEQh6FvgEcQM4se,user,質問が情報不足でした。今年ライフプラン休暇が５日付与される対象者の入社年度を教えてください。,Junichi Fuse (布施 潤一),,,,,2026-06-04T23:52:38.221Z,1780617158044
DM,a:1pGjv0XYjuFu65hsZ92hJhE3z-FFoh0YaqWsz46CEhGk0GX6EQn69rru3oaD_09ugbWUdBW45Dy3cyoNMkE7qx2e9SmDPu9LgcXzC97yxQBXfp67svYEQh6FvgEcQM4se,assistant,"今年ライフプラン休暇が5日付与される対象者は、前休暇年度中（前年の10月1日から引き続いた1年間）に勤続年数が5年、10年、15年、20年、25年、30年、35年、40年に達した社員です。

例えば、今年が2024年の場合、

- 勤続5年の節目に該当するのは2019年入社の社員
- 勤続10年の節目に該当するのは2014年入社の社員
- 勤続15年の節目に該当するのは2009年入社の社員
- 勤続20年の節目に該当するのは2004年入社の社員
- 勤続25年の節目に該当するのは1999年入社の社員
- 勤続30年の節目に該当するのは1994年入社の社員
- 勤続35年の節目に該当するのは1989年入社の社員
- 勤続40年の節目に該当するのは1984年入社の社員

となります。

したがって、今年ライフプラン休暇5日が付与される対象者の入社年度は上記の各勤続年数に対応する年度です。

※AIの回答は必ずしも正確ではありません。参照情報も確認いただき、最終判断は所属部署の公式情報をご確認ください。",,,,,,2026-06-04T23:52:43.103Z,1780617158044
DM,a:1ijJuiZD-glPVnedr014VkOwiOva-R_cCpd9RfydMsY-PxzMZiMia5Jv1vW24Td_Vm1ljs_lriIp6laBDvBAuMBUTj4ZkEIvIXxf4ixmUm_miCzUpznDQGJrlMZIqnmhR,user,タレマネの上長設定方法を教えて,Aiko Miyata (宮田 愛子),,,,,2026-06-05T02:15:11.712Z,1780625710745
DM,a:1ijJuiZD-glPVnedr014VkOwiOva-R_cCpd9RfydMsY-PxzMZiMia5Jv1vW24Td_Vm1ljs_lriIp6laBDvBAuMBUTj4ZkEIvIXxf4ixmUm_miCzUpznDQGJrlMZIqnmhR,assistant,[選択された関数][searchEmployeeRules],,,,,,2026-06-05T02:15:12.921Z,1780625710745
DM,a:1ijJuiZD-glPVnedr014VkOwiOva-R_cCpd9RfydMsY-PxzMZiMia5Jv1vW24Td_Vm1ljs_lriIp6laBDvBAuMBUTj4ZkEIvIXxf4ixmUm_miCzUpznDQGJrlMZIqnmhR,assistant,[カテゴリ選択],,タレマネ > 上長用,,,,2026-06-05T02:15:12.925Z,1780625710745
DM,a:1ijJuiZD-glPVnedr014VkOwiOva-R_cCpd9RfydMsY-PxzMZiMia5Jv1vW24Td_Vm1ljs_lriIp6laBDvBAuMBUTj4ZkEIvIXxf4ixmUm_miCzUpznDQGJrlMZIqnmhR,tool,[searchEmployeeRulesの実行結果],,,"[{'content': '第２６章 スキルチェック\n\n人担 育担 上長 社員\n\n● ● ● ●\n\n4. フォームの送信画面が表示されます。\n\n（１）「次のステップに送信」を押下します。\n\n5. 「マイフォーム」の画面が表示されます。\n\n（１）「進行中」のトレイを選択し、送信したフォームが進行中になっていることを確認します。\n\n2023年度_602_スキルチェック（現在従事業務の専門分野）- 社員一郎\n\nスキルチェックの(cid:2711)実施が必要な場合\n\n社員は、スキルチェックの実施後に上長から差し戻しの連絡を受けた場合、スキル チェックの(cid:2711)実施が必要です。差し戻しを受けたフォームから上長のコメントを確認の うえ、(cid:2711)度スキルチェックを実施してください。\n\n修正の方向性に不明点がある場合は、上長との面談等により、修正の方向性の認識を合 わせたうえで実施してください。\n\nこれで処理は完了です\n\n－29－\n\n© 2022 NTT BUSINESS ASSOCIE', 'metadata': {'languages': ['eng'], 'page_number': 5, 'filename': '【上長用】タレントマネジメントサ-ビスマニュアル.pdf', 'filetype': 'application/pdf', 'parent_id': '1589576dd0ea19a29395ac18c780ddcf', 'fileName': '【上長用】タレントマネジメントサ-ビスマニュアル.pdf', 'startPage': 1, 'pageCount': 20, 'uploaded_at': '2026-02-20 14:46:41', 'is_qa': False, 'categories': ['system', 'talemane', 'talemane-manager'], 'id': '【上長用】タレントマネジメントサ-ビスマニュアル_system_talemane_talemane-manager', 'display_name': '【上長用】タレントマネジメントサ-ビスマニュアル.pdf', 'can_open': True, '_id': 'dc431aad-b65b-4cc7-9acb-d5d8bcf106fe', '_collection_name': 'jp.co.nttexc.workRules__your_navi_qai_docomo'}, 'score': 0.9000350500000001}]",,,2026-06-05T02:15:15.041Z,1780625710745
DM,a:1ijJuiZD-glPVnedr014VkOwiOva-R_cCpd9RfydMsY-PxzMZiMia5Jv1vW24Td_Vm1ljs_lriIp6laBDvBAuMBUTj4ZkEIvIXxf4ixmUm_miCzUpznDQGJrlMZIqnmhR,assistant,"検索結果には「タレマネの上長設定方法」に関する具体的な手順は記載されていませんでした。

スキルチェックの流れや上長による差し戻し・コメント確認については記載がありますが、上長の設定方法そのものについての情報は見当たりませんでした。

この件については、適切な問い合わせ先への確認が必要です。

※AIの回答は必ずしも正確ではありません。参照情報も確認いただき、最終判断は所属部署の公式情報をご確認ください。",,,,,,2026-06-05T02:15:17.638Z,1780625710745
DM,a:1jvA0lu9QAbmiUeMgqvE6q5ppo_OBPBA3namVMdKsVYw5Vdq72PNI-si2ozuuJHDudLcxY5mw0ZxFaVQVzgPCn-ut-T-T7BoGbFi-W1fqKvWrIySUXVs5a9qn2SHxeb4i,user,制度について教えて,Tsujimura Hironori (辻村 洋則),,,,,2026-06-05T04:19:34.676Z,1780633173839
DM,a:1jvA0lu9QAbmiUeMgqvE6q5ppo_OBPBA3namVMdKsVYw5Vdq72PNI-si2ozuuJHDudLcxY5mw0ZxFaVQVzgPCn-ut-T-T7BoGbFi-W1fqKvWrIySUXVs5a9qn2SHxeb4i,assistant,[選択された関数][searchEmployeeRules],,,,,,2026-06-05T04:19:35.703Z,1780633173839
DM,a:1jvA0lu9QAbmiUeMgqvE6q5ppo_OBPBA3namVMdKsVYw5Vdq72PNI-si2ozuuJHDudLcxY5mw0ZxFaVQVzgPCn-ut-T-T7BoGbFi-W1fqKvWrIySUXVs5a9qn2SHxeb4i,assistant,[カテゴリ選択],,制度・運用,,,,2026-06-05T04:19:35.706Z,1780633173839
DM,a:1jvA0lu9QAbmiUeMgqvE6q5ppo_OBPBA3namVMdKsVYw5Vdq72PNI-si2ozuuJHDudLcxY5mw0ZxFaVQVzgPCn-ut-T-T7BoGbFi-W1fqKvWrIySUXVs5a9qn2SHxeb4i,tool,[searchEmployeeRulesの実行結果],,,"[{'content': 'とし、その他少なくとも１年に１回以上の資料の提供を行う等必要に応じた措置を講ずる。\n\n（１） 確定拠出年金制度等の具体的な内容\n\n① わが国の年金制度の概要、改正等の動向及び年金制度における確定拠出年金の位置づけ\n\n② 確定拠出年金制度の概要（次のアからケまでに掲げる事項）\n\nア 制度に加入できる者とその拠出限度額（加入者掛金の拠出限度額とその効果を含む）\n\nイ 運用の方法の範囲、加入者等への運用の方法の提示の方法及び運用の方法の預替え機\n\n会の内容\n\nウ 運用の指図は加入者自身が自己の責任において行うこと\n\nエ 指定運用方法を選定及び提示している場合は、指定運用方法の概要。また、指定運用方\n\n法により運用されたとしても、加入者自身の資産形成状況やライフプラン等に適した\n\n運用の方法が選択されているかどうかを確認し、自身に適さない運用の方法であれば\n\n他の運用の方法を選択すべきであること\n\nオ 給付の種類、受給要件、給付の開始時期及び給付（年金又は一時金の別）の受取方法\n\nカ 加入者等が転職又は離職した場合における資産の移換の方法\n\nキ 拠出、運用及び給付の各段階における税制措置の内容\n\nク 事業主、連合会、企業年金連合会、運営管理機関及び資産管理機関の役割\n\nケ 事業主、連合会、運営管理機関及び資産管理機関の行為準則（責務及び禁止行為）の内\n\n容\n\n（２） 金融商品の仕組みと特徴\n\n預貯金、信託商品、投資信託、債券、株式、保険商品等それぞれの金融商品についての次の\n\n事項\n\nア その性格又は特徴\n\nイ その種類\n\nウ 期待できるリターン\n\nエ 考えられるリスク\n\nオ 投資信託、債券、株式等の有価証券や変額保険等については、価格に影響を与える要因\n\n等\n\n（３） 資産の運用の基礎知識\n\nア 資産の運用を行うに当たっての留意点（すなわち金融商品の仕組みや特徴を十分認識\n\nした上で運用する必要があること）\n\nイ リスクの種類と内容（金利リスク、為替リスク、信用リスク、価格変動リスク、インフ\n\nレリスク（将来の実質的な購買力を確保できない可能性）等）\n\nウ リスクとリターンの関係\n\nエ 長期運用の考え方とその効果\n\nオ 分散投資の考え方とその効果\n\nカ 年齢、資産等の加入者等の属性によりふさわしい運用の方法は異なり得るため一律に', 'metadata': {'languages': ['eng'], 'page_number': 10, 'filename': 'No38 NTTグループ確定拠出年金規程（社長達第75号）【2026.3.31改正】.pdf', 'filetype': 'application/pdf', 'fileName': 'No38 NTTグループ確定拠出年金規程（社長達第75号）【2026.3.31改正】.pdf', 'startPage': 1, 'pageCount': 20, 'uploaded_at': '2026-05-26 21:39:50', 'is_qa': False, 'categories': ['policy-operations', 'benefits', 'benefits-dc'], 'id': 'No38 NTTグループ確定拠出年金規程（社長達第75号）【2026.3.31改正】_policy-operations_benefits_benefits-dc', 'display_name': 'No38 NTTグループ確定拠出年金規程（社長達第75号）【2026.3.31改正】.pdf', 'can_open': True, '_id': '63e939a9-b713-4364-9ae1-36e9bb439f58', '_collection_name': 'jp.co.nttexc.workRules__your_navi_qai_docomo'}, 'score': 0.91508648}, {'content': '質問\n\n解約申請をしようとしたところ「会社および組織情報の変更が必要」と表示されますがどのような手続きが必要ですか。\n\n回答\n\n契約されている、財形の種類（一般・年金・住宅）毎に変更申請（勤務先の異動）をご申請いただいた後に解約申請をご申請ください。', 'metadata': {'category_depth': 0, 'languages': ['jpn'], 'filename': 'QA50_policy-operations_benefits_benefits-others.md', 'filetype': 'text/markdown', 'categories': ['policy-operations', 'benefits', 'benefits-others'], 'is_qa': True, 'can_open': False, 'display_name': 'QA50.md', 'uploaded_at': '2026-02-20 12:51:46', 'id': 'QA50_policy-operations_benefits_benefits-others', 'fileName': 'QA50_policy-operations_benefits_benefits-others.md', '_id': '77716251-f6c7-45bb-a1b2-06f4ae1a0179', '_collection_name': 'jp.co.nttexc.workRules__your_navi_qai_docomo'}, 'score': 0.909579275}, {'content': '質問\n\n資料を見て利用開始するという理解で合っていますか。\n\n回答\n\nご認識の通りです。', 'metadata': {'category_depth': 0, 'languages': ['jpn'], 'filename': 'QA69_policy-operations_benefits_benefits-others.md', 'filetype': 'text/markdown', 'categories': ['policy-operations', 'benefits', 'benefits-others'], 'is_qa': True, 'can_open': False, 'display_name': 'QA69.md', 'uploaded_at': '2026-02-20 13:01:15', 'id': 'QA69_policy-operations_benefits_benefits-others', 'fileName': 'QA69_policy-operations_benefits_benefits-others.md', '_id': '1de995ed-7d50-4ee9-98c9-9dc523041ed9', '_collection_name': 'jp.co.nttexc.workRules__your_navi_qai_docomo'}, 'score': 0.91131815}, {'content': '質問\n\n再雇用先について問い合わせをしたい。\n\n相談窓口が別途あればその連絡先を教えて下さい。\n\n回答\n\n継続雇用制度につきましては、総務人事部 人事企画担当までご連絡願います。', 'metadata': {'category_depth': 0, 'languages': ['jpn'], 'filename': 'QA55_policy-operations_benefits_benefits-others.md', 'filetype': 'text/markdown', 'categories': ['policy-operations', 'benefits', 'benefits-others'], 'is_qa': True, 'can_open': False, 'display_name': 'QA55.md', 'uploaded_at': '2026-02-20 12:52:22', 'id': 'QA55_policy-operations_benefits_benefits-others', 'fileName': 'QA55_policy-operations_benefits_benefits-others.md', '_id': 'e5a399d9-adef-42a8-8b78-692a88f5ab4a', '_collection_name': 'jp.co.nttexc.workRules__your_navi_qai_docomo'}, 'score': 0.9169775849999999}]",,,2026-06-05T04:19:37.853Z,1780633173839
DM,a:1jvA0lu9QAbmiUeMgqvE6q5ppo_OBPBA3namVMdKsVYw5Vdq72PNI-si2ozuuJHDudLcxY5mw0ZxFaVQVzgPCn-ut-T-T7BoGbFi-W1fqKvWrIySUXVs5a9qn2SHxeb4i,assistant,"会社の制度について、検索結果から主に以下の内容が確認できます。

■ 確定拠出年金制度
- 加入できる者や拠出限度額、運用方法、給付の種類や受給要件、資産の移換方法、税制措置などが定められています。
- 運用の指図は加入者自身が自己責任で行い、資産形成やライフプランに合わせて運用方法を選択できます。
- 事業主や運営管理機関などの役割や責務も明記されています。

■ 金融商品の仕組みと特徴
- 預貯金、信託商品、投資信託、債券、株式、保険商品などの性格や種類、期待できるリターン、リスクなどが説明されています。

■ 資産運用の基礎知識
- 金利リスク、為替リスク、信用リスク、価格変動リスク、インフレリスクなど、リスクとリターンの関係や分散投資の効果についても触れられています。

■ 財形制度
- 解約申請時には会社や組織情報の変更が必要で、財形の種類ごとに勤務先の異動申請後に解約申請を行う流れです。

■ 継続雇用制度
- 再雇用先については総務人事部 人事企画担当が窓口となっています。

ご質問の制度については上記のような内容が確認できます。もし特定の制度や詳細について知りたい場合は、具体的な制度名や内容をお知らせいただければ、さらに詳しくご案内できます。

※AIの回答は必ずしも正確ではありません。参照情報も確認いただき、最終判断は所属部署の公式情報をご確認ください。",,,,,,2026-06-05T04:19:41.932Z,1780633173839
DM,a:1jvA0lu9QAbmiUeMgqvE6q5ppo_OBPBA3namVMdKsVYw5Vdq72PNI-si2ozuuJHDudLcxY5mw0ZxFaVQVzgPCn-ut-T-T7BoGbFi-W1fqKvWrIySUXVs5a9qn2SHxeb4i,user,"服務や規定から、
・システムセキュリティ管理責任者
・システムセキュリティ管理者
・アカウント管理責任者
・アカウント管理者
が誰だかわかりますか？",Tsujimura Hironori (辻村 洋則),,,,,2026-06-05T04:20:52.347Z,1780633252079
DM,a:1jvA0lu9QAbmiUeMgqvE6q5ppo_OBPBA3namVMdKsVYw5Vdq72PNI-si2ozuuJHDudLcxY5mw0ZxFaVQVzgPCn-ut-T-T7BoGbFi-W1fqKvWrIySUXVs5a9qn2SHxeb4i,assistant,[選択された関数][searchEmployeeRules],,,,,,2026-06-05T04:20:53.820Z,1780633252079
DM,a:1jvA0lu9QAbmiUeMgqvE6q5ppo_OBPBA3namVMdKsVYw5Vdq72PNI-si2ozuuJHDudLcxY5mw0ZxFaVQVzgPCn-ut-T-T7BoGbFi-W1fqKvWrIySUXVs5a9qn2SHxeb4i,tool,[searchEmployeeRulesの実行結果],,,"[{'content': '総括安全衛生管理者\n\n第８条 総括安全衛生管理者は、安全管理規程（1992 年７月１日 社長達第３４号）の定めるところにより、\n\n全ての事業所に置くものとする。\n\n２ 総括安全衛生管理者は別表１に掲げる業務を行うものとする。\n\n第８条 （総括安全衛生管理者）関係\n\n１ 第１項\n\n「事業所」とは、原則として組織を指す。\n\n２ 第２項\n\n(1) 総括安全衛生管理者が疾病、事故、その他やむを得ない事由によって職務を行うことかできないと\n\nきは、当該事業所の安全衛生に関する業務の実施について実質的に統括管理する者を代理者として\n\n選任しなければならない。\n\n(2) 常時 300 人以上（労働安全衛生法施行令（1972 年政令第 318 号）第２条第１号に該当する事業\n\n所にあっては 100 人以上、同条第３項に該当する事業所にあっては 1,000 人以上）の労働者が勤務\n\nする事業所の総括安全衛生管理者を労働安全衛生法第 10 条に定める「総括安全衛生管理者」とす\n\nる。\n\n(3) 組織の長以外の者を総括安全衛生管理者に選任する場合の選任手続きは、服務指定により行う。\n\n主任衛生管理者\n\n第９条 常時５０人以上の労働者が勤務する組織の長は、主任衛生管理者を１名選任するものとする。\n\n２ 前項については、原則として保健業務を担当する部・課長等を選任するものとする。\n\n３ 主任衛生管理者は、別表１に掲げる業務を行うものとする。\n\n第９条 （主任衛生管理者）関係\n\n１ 「常時 50 人以上」とは、４月末現在の労働者の数によることとする。\n\n２ 「主任衛生管理者」の選任にあたっては、保健業務等を担当する部・課長等とし、これ以外の者\n\nを選任する場合は服務指定による。\n\n衛生管理者、安全衛生推進者(衛生担当)\n\n第 10 条 組織の長は、別表２にもとづき、当該組織に所属する社員のうちから、担当範囲を指定して衛生管\n\n理者もしくは安全衛生推進者(衛生担当)を選任するものとする。\n\n２ 組織の長は、特に必要があると認めた場合は、前項にある配置数をこえて衛生管理者及び安全衛生推\n\n進者(衛生担当)を選任することができるものとする。\n\n３ 衛生管理者は、別表１に掲げる業務を行うものとする。\n\n４ 安全衛生推進者（衛生担当）は、衛生管理者に準じて業務を行うものとする。', 'metadata': {'languages': ['eng'], 'page_number': 3, 'filename': 'No22 健康管理規程（社長達33号）【2026.3.31改正】.pdf', 'filetype': 'application/pdf', 'parent_id': 'fd5edc4fb489950ac28d54c739c87bd8', 'fileName': 'No22 健康管理規程（社長達33号）【2026.3.31改正】.pdf', 'startPage': 1, 'pageCount': 15, 'uploaded_at': '2026-05-26 21:42:08', 'is_qa': False, 'categories': ['policy-operations', 'benefits', 'health'], 'id': 'No22 健康管理規程（社長達33号）【2026.3.31改正】_policy-operations_benefits_health', 'display_name': 'No22 健康管理規程（社長達33号）【2026.3.31改正】.pdf', 'can_open': True, '_id': 'e60febdb-afe5-4178-9b74-35ebe8814c18', '_collection_name': 'jp.co.nttexc.workRules__your_navi_qai_docomo'}, 'score': 0.92303655}, {'content': '理者もしくは安全衛生推進者(衛生担当)を選任するものとする。\n\n２ 組織の長は、特に必要があると認めた場合は、前項にある配置数をこえて衛生管理者及び安全衛生推\n\n進者(衛生担当)を選任することができるものとする。\n\n３ 衛生管理者は、別表１に掲げる業務を行うものとする。\n\n４ 安全衛生推進者（衛生担当）は、衛生管理者に準じて業務を行うものとする。\n\n５ 衛生管理者又は安全衛生推進者(衛生担当)は、前項２項の業務を行う場合は、総括安全衛生管理者に\n\n直属するものとする。\n\n第 10 条 （衛生管理者、安全衛生推進者（衛生担当））関係\n\n１ 衛生管理者は、労働安全衛生規則第 62 条にもとづき、衛生管理者の免許を有する者のうちから\n\n選任するものとし、選任にあたっては、原則として保健担当等の社員を選任するものとする。\n\n２ 衛生管理者の選任にあたって、衛生管理者の資格を有する者がいないときは、選任基準数に達するま', 'metadata': {'languages': ['eng'], 'page_number': 3, 'filename': 'No22 健康管理規程（社長達33号）【2026.3.31改正】.pdf', 'filetype': 'application/pdf', 'parent_id': 'fd5edc4fb489950ac28d54c739c87bd8', 'fileName': 'No22 健康管理規程（社長達33号）【2026.3.31改正】.pdf', 'startPage': 1, 'pageCount': 15, 'uploaded_at': '2026-05-26 21:42:08', 'is_qa': False, 'categories': ['policy-operations', 'benefits', 'health'], 'id': 'No22 健康管理規程（社長達33号）【2026.3.31改正】_policy-operations_benefits_health', 'display_name': 'No22 健康管理規程（社長達33号）【2026.3.31改正】.pdf', 'can_open': True, '_id': '16f702c6-2237-46ae-89da-5d93d3a82251', '_collection_name': 'jp.co.nttexc.workRules__your_navi_qai_docomo'}, 'score': 0.92606845}, {'content': '（１）通信の秘密に係る情報（通話明細/通信履歴/通話料金など）\n\n（２）法人顧客情報の内、機密情報（特に機密性が高く慎重に扱わなければいけない情報(通話明細/通信内容/DWHデータ/料金シミュレーション/大量の顧客情報\u3000等)）および完了案件情報（機密情報を除き、お客様法人対応が完了した情報で、完了案件後も継続して保管する情報）にあたる情報\n\n13．情報セキュリティ対策\n\n（１）リモートワークにおいては、「情報管理規程」（2003年５月27日社長達第８号）、「情報管理細則（2003年５月27日総第1162号）及び「クライアントＰＣ管理マニュアル」（2010年１月21日情セ第768号）等の会社・組織が定める各種の規則・規程等に定める事項に従わなければならない。\n\n（２）情報管理規程に定める「レベルＳ」「レベルＡ」「レベルＢ」に区分された管理情報の紙及び記憶媒体による持ち出しは、禁止する。\n\n14．服務管理等\n\n（１）社員等がリモートワークを実施するときは、日々、始業時刻・終業時刻、分断時間、休憩時間及び業務の実施状況を直属上長に報告するものとする。\n\n（２）直属上長は、社員等のリモートワークの実施状況について、適切な管理を行うものとする。\n\n15. リモートスタンダード\n\nリモートワークを基本とする業務遂行を行う働き方として、リモートスタンダードを設定し、リモートワークを基本とする業務運営が可能であると組織長が判断した場合において適用する。\n\nなお、具体的な扱いについては、第２章のとおりとする。', 'metadata': {'source': None, 'category_depth': 0, 'page_number': 2, 'languages': ['jpn'], 'filetype': 'application/vnd.openxmlformats-officedocument.wordprocessingml.document', 'url': 'http://localhost:8080/docs/.vantiq/semanticindexes/jp.co.nttexc.workRules/entries/49 リモートワークの取扱いについて_202511_policy-operations_regulation_regulation-others', 'parent_id': 'e1d7b0bc264c65f99d391a72c8c269f8', 'categories': ['policy-operations', 'regulation', 'regulation-others'], 'is_qa': False, 'can_open': True, 'display_name': '49 リモートワークの取扱いについて_202511.docx', 'uploaded_at': '2026-02-20 14:43:16', 'id': '49 リモートワークの取扱いについて_202511_policy-operations_regulation_regulation-others', 'fileName': '49 リモートワークの取扱いについて_202511.docx', '_id': '8499a609-d7c7-40c0-baf4-c29c3f0de11f', '_collection_name': 'jp.co.nttexc.workRules__your_navi_qai_docomo'}, 'score': 0.9179798}, {'content': '別表２\n\n衛生管理者、安全衛生推進者（衛生担当）\n\n局 所 区 分\n\n専 任 数\n\n常時 50 人以上 200 人以下の労働者が勤務する事業所\n\n衛 生 管 理 者 １人\n\n常時 200 人をこえ 500 人以下の労働者が勤務する事業所\n\n〃 ２人\n\n常時 500 人をこえ 1,000 人以下の労働者が勤務する事業所\n\n〃 ３人\n\n常時 1,000 人をこえ 2,000 人以下の労働者が勤務する事業所\n\n〃 ４人\n\n常時 2,000 人をこえ 3,000 人以下の労働者が勤務する事業所\n\n〃 ５人\n\n常時 3,000 人をこえる労働者が勤務する事業所\n\n〃 ６人\n\n常時 50 人未満の労働者が勤務する事業所\n\n安全衛生推進者（衛生担当） １人', 'metadata': {'languages': ['eng'], 'page_number': 2, 'filename': 'No22_【別表、別紙、様式】健康管理規程.pdf', 'filetype': 'application/pdf', 'parent_id': 'd8a432d20174e33633e731ab71df1766', 'fileName': 'No22_【別表、別紙、様式】健康管理規程.pdf', 'startPage': 1, 'pageCount': 20, 'uploaded_at': '2026-05-26 21:42:18', 'is_qa': False, 'categories': ['policy-operations', 'benefits', 'health'], 'id': 'No22_【別表、別紙、様式】健康管理規程_policy-operations_benefits_health', 'display_name': 'No22_【別表、別紙、様式】健康管理規程.pdf', 'can_open': True, '_id': '53e4ea14-5cdb-4eee-8268-16b542381662', '_collection_name': 'jp.co.nttexc.workRules__your_navi_qai_docomo'}, 'score': 0.9193401999999999}]",,,2026-06-05T04:20:56.439Z,1780633252079
DM,a:1jvA0lu9QAbmiUeMgqvE6q5ppo_OBPBA3namVMdKsVYw5Vdq72PNI-si2ozuuJHDudLcxY5mw0ZxFaVQVzgPCn-ut-T-T7BoGbFi-W1fqKvWrIySUXVs5a9qn2SHxeb4i,assistant,"検索結果から、システムセキュリティ管理責任者、システムセキュリティ管理者、アカウント管理責任者、アカウント管理者について、服務や規定上で具体的な人物名や担当部署の記載は確認できませんでした。

情報セキュリティ対策や情報管理規程に関する規定は存在しますが、役職や担当者の詳細については明記されていません。

このため、服務や規定からは該当する担当者が誰かを特定することはできません。

※AIの回答は必ずしも正確ではありません。参照情報も確認いただき、最終判断は所属部署の公式情報をご確認ください。",,,,,,2026-06-05T04:20:58.779Z,1780633252079
DM,a:1RIipdzJJRCqN8IE8qfNXsFpqZDSj4P3wKd-tp8K5hFL0etMafUZ-ity3Ed-ozQRKGfXjl2cDjQVbvlQkYToShhmDSgzw5Bw1-1H2hdib3Jr_rLW89foMvQw_f2Fo7gV-,user,特別休暇（レク）は年間何日取得できるのでしょうか？,Seiichi Oshio (押尾 誠一),,,,,2026-06-05T04:24:34.850Z,1780633473823
DM,a:1RIipdzJJRCqN8IE8qfNXsFpqZDSj4P3wKd-tp8K5hFL0etMafUZ-ity3Ed-ozQRKGfXjl2cDjQVbvlQkYToShhmDSgzw5Bw1-1H2hdib3Jr_rLW89foMvQw_f2Fo7gV-,assistant,[選択された関数][searchEmployeeRules],,,,,,2026-06-05T04:24:36.163Z,1780633473823
DM,a:1RIipdzJJRCqN8IE8qfNXsFpqZDSj4P3wKd-tp8K5hFL0etMafUZ-ity3Ed-ozQRKGfXjl2cDjQVbvlQkYToShhmDSgzw5Bw1-1H2hdib3Jr_rLW89foMvQw_f2Fo7gV-,assistant,[カテゴリ選択],,制度・運用,,,,2026-06-05T04:24:36.166Z,1780633473823
DM,a:1RIipdzJJRCqN8IE8qfNXsFpqZDSj4P3wKd-tp8K5hFL0etMafUZ-ity3Ed-ozQRKGfXjl2cDjQVbvlQkYToShhmDSgzw5Bw1-1H2hdib3Jr_rLW89foMvQw_f2Fo7gV-,tool,[searchEmployeeRulesの実行結果],,,"[{'content': '第３\u3000特別休暇\n\n１\u3000休暇の理由及び期間\n\n理\u3000\u3000\u3000\u3000\u3000由\u3000\u3000\u3000\u3000\u3000\u3000\u3000\u3000\u3000\u3000\u3000\u3000\u3000\u3000期\u3000\u3000\u3000\u3000\u3000間', 'metadata': {'source': None, 'category_depth': 0, 'page_number': 9, 'languages': ['jpn'], 'filetype': 'application/vnd.openxmlformats-officedocument.wordprocessingml.document', 'url': 'http://localhost:8080/docs/.vantiq/semanticindexes/jp.co.nttexc.workRules/entries/36 社員の勤務時間、休日及び休暇について_202504_policy-operations_regulation_regulation-others', 'text_as_html': '<table><tr><td>感染症の予防及び感染症の患者に対する医療に関する法律（1998年法律第114号）による交通の制限又はしゃ断 風水震火災その他の非常災害による交通のと絶又は遮断 風水震火災その他の非常災害による社員の現住居等の滅失又は破壊 第2号のほか、交通機関の事故等による出勤不可能 非常事態の発生により出勤・勤務不可能な場合 業務上の必要に基づく事務の一部又は全部の停止 選挙権その他公民としての権利の行使又は公の職 務の執行 災害救助法（1947年法律第118号）等の法令による義務の履行 証人、鑑定人、参考人等としての国会、裁判所、地方公共団体の議会その他の官公署への出頭 勤務能率の発揮又は増進のため、所属長が計画し、実施する行事への参加 職務上、必要があると認められる部内外の行事への参加 結 婚 忌 引 夏 季 出 産 育児時間 生理休暇</td><td>そのつど必要と認める時間又は日 そのつど必要と認める時間又は日 原則として1週間をこえない範囲でそのつど 必要と認める時間又は日 そのつど必要と認める時間又は日 原則として１週間をこえない範囲で、そのつど必要と認める時間又は日 そのつど必要と認める時間又は日 そのつど必要と認める時間又は日 そのつど必要と認める時間又は日 そのつど必要と認める時間又は日 そのつど必要と認める時間又は日 そのつど必要と認める時間又は日 5日 次に定める期間内において必要と認める期間 パートナー 10日 本人の父母 7日 パートナーの父母 3日 本人の子 5日 本人の子の配偶者 1日 本人の祖父母 3日 パートナーの祖父母 1日 本人の兄弟姉妹 3日 パートナーの兄弟姉妹 1日 本人の兄弟姉妹の 1日 配偶者 本人の伯叔父母 1日 パートナーの伯叔父母 1日 本人の孫 1日 （パートナーとは配偶者、及び婚姻の届出をしていないが事実上婚姻関係と同様の事情にある者をいう） （子には、社員と生計を同じくし社会通念上実子と同様と考えられるパートナーの子を含む） 3日 予定日前6週間目（多胎妊娠の場合にあっては、14週間目）に当たる日から出産後8週間目に当たる日までの期間内において必要とする期間 生後満1年に達しない生児を育てる女性社員に、1回45分（双生児のときは、1時間）以内で1日2回 生理日の就業が著しく困難な女性社員に、必要とする限度</td></tr></table>', 'parent_id': '9a525dc81a569a074a743f3c03ef8187', 'categories': ['policy-operations', 'regulation', 'regulation-others'], 'is_qa': False, 'can_open': True, 'display_name': '36 社員の勤務時間、休日及び休暇について_202504.docx', 'uploaded_at': '2026-02-20 14:41:25', 'id': '36 社員の勤務時間、休日及び休暇について_202504_policy-operations_regulation_regulation-others', 'fileName': '36 社員の勤務時間、休日及び休暇について_202504.docx', '_id': '994e082c-2206-48ad-9a5b-e8d4724dca68', '_collection_name': 'jp.co.nttexc.workRules__your_navi_qai_docomo'}, 'score': 0.9384452}, {'content': 'る。\n\n２\u3000前項における出勤率の算定にあたっては、第17条第１項第15号に定める出産のための特別休暇、第20条に定める公傷休暇、第29条に定める育児休職及び第30条に定める介護休職を付与した日は出勤したものとみなす。\n\n３\u3000年次休暇を与えた日の賃金は、当該勤務日の所定勤務時間を勤務した場合に支払われる通常の賃金とする。\n\n４\u3000年次休暇の時季の指定等の取扱いは次のとおりとする。\n\n（1）年次休暇の時季を指定する場合は事前に行わなければならない。\n\nただし、指定された時季における年次休暇が事業の正常な運営を妨げる場合は、会社は他の時季に変更することができるものとする。\n\n（2）同条第１項の年次休暇が10日以上発効された臨時雇に対して、発効日から１年以内の年次休暇の取得日数が日又は半日単位で５日に満たない場合は、その不足分について、臨時雇の希望を勘案したうえで会社があらかじめ時季を指定し、日又は半日を単位に取得させることとする。\n\n５\u3000年次休暇は、原則として日を単位とするが、１時間を単位とすることもできる。\n\nただし、１時間を単位とした休暇は、休暇発効日より１年以内において５日を上限とする。\n\nなお、休暇の付与日数が５日に満たない場合、発効された日数を上限とする。\n\n６\u3000１時間を単位とする場合における取り扱いは、次のとおりとする。\n\n(1) １時間を単位とした休暇は１日の所定勤務時間内において、取得時間帯、取得時間数に制限無く取得できる。\n\n(2) １時間単位の休暇は、１日の所定勤務時間数をもって１日分とする。\n\n特別休暇\n\n第\u300017\u3000条\u3000臨時雇が次の各号の一に該当する理由により勤務日に勤務しないときは、当該各号に定\n\nめるところにより、その者に特別休暇が与えられる。', 'metadata': {'source': None, 'category_depth': 0, 'page_number': 4, 'languages': ['jpn'], 'filetype': 'application/vnd.openxmlformats-officedocument.wordprocessingml.document', 'url': 'http://localhost:8080/docs/.vantiq/semanticindexes/jp.co.nttexc.workRules/entries/02 臨時雇就業規則_202512_policy-operations_regulation_irregular-employment', 'parent_id': 'db688933c9f452369de439b344c970c1', 'text_as_html': '<table><tr><td>（１）感染症の予防及び感染症の患者に対する医療に関する法律（1998年法律第114号）による交通の制限又はしゃ断</td><td>そのつど必要と認める時間又は日</td></tr><tr><td>（２）風水震火災その他の非常災害による交通のと絶又はしゃ断</td><td>そのつど必要と認める時間又は日</td></tr><tr><td>（３）風水震火災その他の非常災害による本人の現住居等の滅失又は破壊</td><td>原則として１週間をこえない範囲でそのつど必要と認める時間又は日</td></tr><tr><td>（４）第２号のほか、交通機関の事故等による出勤不可能な場合</td><td>そのつど必要と認める時間又は日</td></tr><tr><td>（５）非常事態の発生により出勤・勤務不可能な場合</td><td>原則として１週間をこえない範囲でそのつど必要と認める時間又は日</td></tr><tr><td>（６）業務上の必要に基づく事務の一部又は全部の停止</td><td>そのつど必要と認める時間又は日</td></tr><tr><td>（７）選挙権その他公民としての権利の行使又は公の職務の執行（市（特別区を含む。）町村の議会の議員その他公選による公職に従事する場合を除く。）</td><td>そのつど必要と認める時間又は日</td></tr><tr><td>（８）災害救助法（1947年法律第118号）等の法令による義務の履行</td><td>そのつど必要と認める時間又は日</td></tr><tr><td>（９）証人、鑑定人、参考人等としての国会、裁判所、地方公共団体の議会その他の官公署への出頭</td><td>そのつど必要と認める時間又は日</td></tr><tr><td>（10）勤務能率の発揮又は増進のため所属長 が計画し、実施する行事への参加</td><td>そのつど必要と認める時間又は日</td></tr><tr><td>（11）職務上必要があると認められる部内外の行事への参加</td><td>そのつど必要と認める時間又は日</td></tr><tr><td>（12） 結 婚</td><td>５日</td></tr><tr><td>（13） 忌 引</td><td>別表２に定める期間内において所属長が必要と認める期間</td></tr><tr><td>（14） 夏 季</td><td>最大３日（具体的な付与日数は別表３とおり）</td></tr><tr><td>（15） 出 産</td><td>予定日前６週間目（多胎妊娠の場合にあっては、14週間目）に当る日から出産後８週間目に当る日までの期間内において必要とする期間</td></tr><tr><td>（16） 育児時間</td><td>生後満１年に達しない生児を育てる女性に、1回45分（双生児のときは、１時間）以内</td></tr><tr><td>（17） 生理休暇</td><td>生理日の就業が著しく困難な女性又は生理に有害な業務に従事する女性に、必要とする限度</td></tr></table>', 'categories': ['policy-operations', 'regulation', 'irregular-employment'], 'is_qa': False, 'can_open': True, 'display_name': '02 臨時雇就業規則_202512.docx', 'uploaded_at': '2026-02-20 14:41:05', 'id': '02 臨時雇就業規則_202512_policy-operations_regulation_irregular-employment', 'fileName': '02 臨時雇就業規則_202512.docx', '_id': 'fcd9e40c-a72b-44c7-8243-eb3e76c9c7c3', '_collection_name': 'jp.co.nttexc.workRules__your_navi_qai_docomo'}, 'score': 0.94306965}, {'content': '２\t社員が前休暇年度中（前年の10月１日から引き続いた１年間をいう。）に勤続年数５年、10年、15年、20年、25年、30年、35年、40年に達した場合、当該休暇年度の初日に５日のライフプラン休暇が与えられ、前項の日数に加えて積み立てることができる。\n\n３\t前１項及び２項による積立日数は、合計40日までとする。\n\n特別休暇\n\n第\u300044\u3000条\t社員が次の各号の一に該当する理由により勤務日に勤務しないときは、当該各号に定めるところにより、その者に特別休暇が与えられる。', 'metadata': {'source': None, 'category_depth': 0, 'languages': ['jpn'], 'filetype': 'application/vnd.openxmlformats-officedocument.wordprocessingml.document', 'url': 'http://localhost:8080/docs/.vantiq/semanticindexes/jp.co.nttexc.workRules/entries/01 社員就業規則等_202512_policy-operations_regulation_employee', 'parent_id': 'd5cb2c6b28f4e1ff199870561eace9d4', 'text_as_html': '<table><tr><td>基準学歴 グレード</td><td>高卒</td><td>短大</td><td>大学卒</td></tr><tr><td>グレード６</td><td>１５７，２９０円</td><td>１６３，２９０円</td><td>１９３，２９０円（修） １８１，２９０円</td></tr></table>', 'header_footer_type': 'primary', 'categories': ['policy-operations', 'regulation', 'employee'], 'is_qa': False, 'can_open': True, 'display_name': '01 社員就業規則等_202512.docx', 'uploaded_at': '2026-02-20 14:39:43', 'id': '01 社員就業規則等_202512_policy-operations_regulation_employee', 'fileName': '01 社員就業規則等_202512.docx', '_id': '87d83a32-5e84-425c-8f3a-85f9a5d5b369', '_collection_name': 'jp.co.nttexc.workRules__your_navi_qai_docomo'}, 'score': 0.9408577}, {'content': '特別休暇を与える場合の理由と、その他の勤務しない理由（病気等）とが競合する場合において、社員が勤務しないときは、その他の勤務しない理由により取り扱う。\n\n４\u3000期間の計算\n\n\u3000\u3000第1項各号に定める休暇の期間は、引き続いた期間の限度を示すものである。\n\n５\u3000休暇の承認\n\n社員が特別休暇（第1項第14号を除く。）を受けようとするときは、特別休暇願（「願、届通達」に定める様式、以下同じ）に必要な添付書類を付して所属長に提出し、事前にその承認を受けなければならない。\n\nただし、非常災害の発生等により特別休暇願を提出することが困難な場合は、口頭による申出・承認を可能とする。\n\n６\u3000給\u3000与\n\n\u3000\u3000\u3000特別休暇は、有給とする。ただし、第1項第15号から第17号までの休暇は、試用期間中は無給とする。\n\n第４\u3000病気休暇\n\n１\u3000休暇の理由及び期間\n\n（１）社員が負傷し、又は疾病にかかったとき（公傷休暇又は通勤災害休暇の理由に該当する場合を除く。以下「私傷病」という。）は、医師の証明に基づき、次にかかげる期間を限度として療養に必要な期間、病気休暇を与える。\n\nア\u3000「難病の患者に対する医療費等に関する法律」（2014年法律第50号）の助成対象の疾患（以下、「特定疾患」という。）の場合\n\n\u3000（ア）\u3000勤続年数1年未満の社員\u3000\u3000\u3000\u3000\u3000\u3000\u3000\u3000\u30004カ月\n\n\u3000（イ）\u3000勤続年数1年以上5年未満の社員\u3000\u3000\u3000\u3000\u30001年\n\n\u3000（ウ）\u3000勤続年数5年以上10年未満の社員\u3000\u3000\u3000\u3000 1年6カ月\n\n\u3000（エ）\u3000勤続年数10年以上の社員\u3000\u3000\u3000\u3000\u3000\u3000\u3000   2年\n\n\u3000イ\u3000特定疾患以外の私傷病の場合\n\n\u3000（ア）\u3000勤続年数10年未満の社員\u3000\u3000\u3000\u3000\u3000\u3000\u3000   3カ月\n\n\u3000（イ）\u3000勤続年数10年以上20年未満の社員\u3000\u3000    6カ月\n\n\u3000（ウ）\u3000勤続年数20年以上の社員\u3000\u3000\u3000\u3000\u3000\u3000\u3000   1年\n\n（２）試用期間中の者の病気休暇は、前号にかかわらず3カ月を限度とする。\n\n（３）第1号における勤続年数は、その病気休暇を始めた日の前日までの期間を「転進支援規程」（2002年3月27日社長達第27号）第7条の計算の例により計算するものとする。\n\n（４）社員が健康管理規程による療養等の指示に基づき勤務をしなかった日又は時間は、年次休暇とした場合を除き、病気休暇として取り扱うものとする。', 'metadata': {'source': None, 'category_depth': 0, 'page_number': 13, 'languages': ['jpn'], 'filetype': 'application/vnd.openxmlformats-officedocument.wordprocessingml.document', 'url': 'http://localhost:8080/docs/.vantiq/semanticindexes/jp.co.nttexc.workRules/entries/36 社員の勤務時間、休日及び休暇について_202504_policy-operations_regulation_regulation-others', 'categories': ['policy-operations', 'regulation', 'regulation-others'], 'is_qa': False, 'can_open': True, 'display_name': '36 社員の勤務時間、休日及び休暇について_202504.docx', 'uploaded_at': '2026-02-20 14:41:25', 'id': '36 社員の勤務時間、休日及び休暇について_202504_policy-operations_regulation_regulation-others', 'fileName': '36 社員の勤務時間、休日及び休暇について_202504.docx', '_id': 'd2c372b8-7ede-4945-a8bc-051594e3ab46', '_collection_name': 'jp.co.nttexc.workRules__your_navi_qai_docomo'}, 'score': 0.93944335}]",,,2026-06-05T04:24:38.660Z,1780633473823
DM,a:1RIipdzJJRCqN8IE8qfNXsFpqZDSj4P3wKd-tp8K5hFL0etMafUZ-ity3Ed-ozQRKGfXjl2cDjQVbvlQkYToShhmDSgzw5Bw1-1H2hdib3Jr_rLW89foMvQw_f2Fo7gV-,assistant,"特別休暇（レク）は「勤務能率の発揮又は増進のため、所属長が計画し、実施する行事への参加」に該当します。

この場合、取得できる日数は「そのつど必要と認める時間又は日」とされています。つまり、年間で何日という上限は定められておらず、所属長が必要と認めた範囲で取得可能です。

ご自身の所属や行事の内容によって取得日数が異なるため、具体的な日数は所属長の判断によります。

※AIの回答は必ずしも正確ではありません。参照情報も確認いただき、最終判断は所属部署の公式情報をご確認ください。",,,,,,2026-06-05T04:24:41.134Z,1780633473823
DM,a:1Qb9XtdPp2KTe2Fi9PJ83omzreCZDeToCV533n94Vc3sR1q0O34x74G-Z-mQ9RKpvdcj6p_ytouRFOEQ7gvDwzyg0UIYm03E3RgTzSy-VD-EN2EpQZdM2Uj7gBLKcZGh_,user,就労証明書の申請の仕方をおしえてください,Eriko Koyano (古谷野 恵理子),,,,,2026-06-05T04:52:46.517Z,1780635165483
DM,a:1Qb9XtdPp2KTe2Fi9PJ83omzreCZDeToCV533n94Vc3sR1q0O34x74G-Z-mQ9RKpvdcj6p_ytouRFOEQ7gvDwzyg0UIYm03E3RgTzSy-VD-EN2EpQZdM2Uj7gBLKcZGh_,assistant,[選択された関数][searchEmployeeRules],,,,,,2026-06-05T04:52:47.869Z,1780635165483
DM,a:1Qb9XtdPp2KTe2Fi9PJ83omzreCZDeToCV533n94Vc3sR1q0O34x74G-Z-mQ9RKpvdcj6p_ytouRFOEQ7gvDwzyg0UIYm03E3RgTzSy-VD-EN2EpQZdM2Uj7gBLKcZGh_,assistant,[カテゴリ選択],,服務 > 社員,,,,2026-06-05T04:52:47.871Z,1780635165483
DM,a:1Qb9XtdPp2KTe2Fi9PJ83omzreCZDeToCV533n94Vc3sR1q0O34x74G-Z-mQ9RKpvdcj6p_ytouRFOEQ7gvDwzyg0UIYm03E3RgTzSy-VD-EN2EpQZdM2Uj7gBLKcZGh_,tool,[searchEmployeeRulesの実行結果],,,"[{'content': '付\u3000則\n\n\u3000この改正は、2005年４月１日から実施する。\n\n付\u3000則\n\n\u3000この改正は、2008年８月１日から実施する。\n\n付\u3000則\n\n\u3000この改正は、2010年４月１日から実施する。\n\n付\u3000則\n\n\u3000この改正は、2010年６月30日から実施する。\n\n付\u3000則\n\n\u3000この改正は、2013年10月１日から実施する。\n\n付\u3000則\n\n\u3000この改正は、2016年４月１日から実施する。\n\n付\u3000則\n\n\u3000この改正は、2017年４月１日から実施する。\n\n付\u3000則\n\n\u3000この改正は、2018年４月１日から実施する。\n\n付\u3000則\n\nこの改正は、2020年4月1日から実施する。\n\n付\u3000則\n\nこの改正は、2020年10月1日から実施する。\n\n付\u3000則\n\nこの改正は、2021年４月1日から実施する。\n\n付\u3000則\n\nこの改正は、2021年10月1日から実施する。\n\n付\u3000則\n\nこの改正は、2023年4月1日から実施する。', 'metadata': {'source': None, 'category_depth': 0, 'page_number': 3, 'languages': ['jpn'], 'filetype': 'application/vnd.openxmlformats-officedocument.wordprocessingml.document', 'url': 'http://localhost:8080/docs/.vantiq/semanticindexes/jp.co.nttexc.workRules/entries/06 社員就業規則における所属長の範囲に関する規程_202507_policy-operations_regulation_employee', 'categories': ['policy-operations', 'regulation', 'employee'], 'is_qa': False, 'can_open': True, 'display_name': '06 社員就業規則における所属長の範囲に関する規程_202507.docx', 'uploaded_at': '2026-02-20 14:40:22', 'id': '06 社員就業規則における所属長の範囲に関する規程_202507_policy-operations_regulation_employee', 'fileName': '06 社員就業規則における所属長の範囲に関する規程_202507.docx', '_id': 'e1346e1b-806f-4a3b-9fbb-a3e1df4b7e65', '_collection_name': 'jp.co.nttexc.workRules__your_navi_qai_docomo'}, 'score': 0.9068922500000001}, {'content': '他の業務の関与制限\n\n第\u300010\u3000条\t社員は、その職務のほかに、報酬を得て他の業務に従事し、又は営利企業を営もうとするときは、事前に所属長の許可を受けなければならない。\n\n第\u300011\u3000条\t社員は、国会又は地方公共団体の議会の議員その他公選による公職の選挙に立候補するときは、所属長に届け出なければならない。また、これらに就任するときは、すみやかに所属長に届け出なければならない。\n\n出勤退社\n\n第\u300012\u3000条\t社員は、定刻までに出勤して、所定の手続をとらなければならない。\n\n２\t社員は、特に命ぜられているときは、退社時にも所定の手続をとらなければならない。\n\n遅刻、早退、欠勤の届出\n\n第\u300013\u3000条\t社員は、遅刻、早退又は欠勤をしようとするときは、あらかじめ所属長にその理由を具して届け出て、その承認を受けなければならない。ただし、病気その他の事故により、やむを得ずあらかじめ届け出ることができなかったときは、事後遅滞なく届け出なければならない。\n\n居住地の届出等\n\n第\u300014\u3000条\t社員は、その居住地を所属長に届け出ておかなければならない。\n\n\u3000\u3000\u3000\u3000２\u3000社員は、会社が業務上必要がある自らの個人情報（個人番号及び特定個人情報を含む。）を提供しなければならない。その職を退いた後においても同様とする。\n\n\u3000\u3000\u3000\u3000３\u3000社員は、パートナー（配偶者及び婚姻の届け出をしていないが事実上婚姻関係と同様の事情にある者をいう。以下同じ。）及び家族に関わる会社制度の適用を受けようとする場合には、パートナー及び家族の情報を事前に会社に届け出ておかなければならない。\n\n社員証\n\n第\u300015\u3000条\t社員は、社員証を常に携帯していなければならない。\n\n２\t社員は、会社施設の管理責任者の要求があるときは、その社員証を提示しなければならない。\n\n携行品の持込\n\n第\u300016\u3000条\t社員は、日常携行品以外の物品をみだりに会社施設内に持ち込んではならない。\n\n２\t社員は、会社施設の出入に際し、必要ある場合は、その携行品の掲示又は説明を求められることがある。\n\n赴\u3000任\n\n第\u300017\u3000条\t社員は、転用、配置換等を命ぜられたときは、その任命の日から７日以内に赴任しなければならない。ただし、事務引継その他の理由により、７日以内に赴任することができないときは、新所属長の承認を受けなければならない。\n\n出張中の規律', 'metadata': {'source': None, 'category_depth': 0, 'languages': ['jpn'], 'filetype': 'application/vnd.openxmlformats-officedocument.wordprocessingml.document', 'url': 'http://localhost:8080/docs/.vantiq/semanticindexes/jp.co.nttexc.workRules/entries/01 社員就業規則等_202512_policy-operations_regulation_employee', 'parent_id': 'd5cb2c6b28f4e1ff199870561eace9d4', 'text_as_html': '<table><tr><td>基準学歴 グレード</td><td>高卒</td><td>短大</td><td>大学卒</td></tr><tr><td>グレード６</td><td>１５７，２９０円</td><td>１６３，２９０円</td><td>１９３，２９０円（修） １８１，２９０円</td></tr></table>', 'header_footer_type': 'primary', 'categories': ['policy-operations', 'regulation', 'employee'], 'is_qa': False, 'can_open': True, 'display_name': '01 社員就業規則等_202512.docx', 'uploaded_at': '2026-02-20 14:39:43', 'id': '01 社員就業規則等_202512_policy-operations_regulation_employee', 'fileName': '01 社員就業規則等_202512.docx', '_id': 'f89a9a0f-2c5c-4e91-8d75-d1c8667a6123', '_collection_name': 'jp.co.nttexc.workRules__your_navi_qai_docomo'}, 'score': 0.9080684800000001}, {'content': '別表４\n\nキャリアⅡ就業規則における所属長の範囲\n\n条\u3000項 事\u3000\u3000\u3000\u3000\u3000\u3000\u3000\u3000\u3000\u3000項 所属長の範囲 第３条 第９条 第10条 第12条 第13条 第20条 第23条 第26条 第30条 第31条 第32条 第33条 第37条 第39条、第48条 第39条第１項第10号 第40条、第48条 第40条第３項 第42条、第48条 第43条、第48条 第47条、第48条 第49条 第50条 第51条 第60条第４項 所属長の命令 他の業務への関与の許可 公職選挙の立候補届出及び就任の届出 遅刻、早退又は欠勤の届出及び承認 居住地の届出 時間外・休日勤務の命令 勤務割の指定 所属長のもとを離れて勤務する場合の勤務時間 リモートワークの承認 休日の設定 休日の変更 所属長のもとを離れて勤務する場合の休日 年次休暇の時季変更 特別休暇の承認 勤務能率の発揮又は増進のための行事の計画・実施 病気休暇の承認 医師の指定 公傷休暇の承認 通勤災害休暇の承認 組合休暇の承認 子の養育を行う者の時間外勤務の免除の申出 子の養育又は介護を行う者の時間外勤務の制限の申出 子の養育又は介護を行う者の深夜業の制限の申出 退職の申出及び承認', 'metadata': {'source': None, 'category_depth': 0, 'page_number': 5, 'languages': ['jpn'], 'filetype': 'application/vnd.openxmlformats-officedocument.wordprocessingml.document', 'url': 'http://localhost:8080/docs/.vantiq/semanticindexes/jp.co.nttexc.workRules/entries/06 社員就業規則における所属長の範囲に関する規程_202507_policy-operations_regulation_employee', 'text_as_html': '<table><tr><td>条 項</td><td>事 項</td><td>所属長の範囲</td></tr><tr><td>第３条 第９条 第10条 第12条 第13条 第20条 第23条 第26条 第30条 第31条 第32条 第33条 第37条 第39条、第48条 第39条第１項第10号 第40条、第48条 第40条第３項 第42条、第48条 第43条、第48条 第47条、第48条 第49条 第50条 第51条 第60条第４項</td><td>所属長の命令 他の業務への関与の許可 公職選挙の立候補届出及び就任の届出 遅刻、早退又は欠勤の届出及び承認 居住地の届出 時間外・休日勤務の命令 勤務割の指定 所属長のもとを離れて勤務する場合の勤務時間 リモートワークの承認 休日の設定 休日の変更 所属長のもとを離れて勤務する場合の休日 年次休暇の時季変更 特別休暇の承認 勤務能率の発揮又は増進のための行事の計画・実施 病気休暇の承認 医師の指定 公傷休暇の承認 通勤災害休暇の承認 組合休暇の承認 子の養育を行う者の時間外勤務の免除の申出 子の養育又は介護を行う者の時間外勤務の制限の申出 子の養育又は介護を行う者の深夜業の制限の申出 退職の申出及び承認</td><td/></tr></table>', 'parent_id': '0b22a37c0f615fe2776e60ae6220bf59', 'categories': ['policy-operations', 'regulation', 'employee'], 'is_qa': False, 'can_open': True, 'display_name': '06 社員就業規則における所属長の範囲に関する規程_202507.docx', 'uploaded_at': '2026-02-20 14:40:22', 'id': '06 社員就業規則における所属長の範囲に関する規程_202507_policy-operations_regulation_employee', 'fileName': '06 社員就業規則における所属長の範囲に関する規程_202507.docx', '_id': '8f79403f-cfd0-446d-869d-f173147930b4', '_collection_name': 'jp.co.nttexc.workRules__your_navi_qai_docomo'}, 'score': 0.90798205}, {'content': '別表１\n\n社員就業規則における所属長の範囲\n\n条  項 事  項 所属長の範囲 第４条 第６条第２項 第10条 第11条 第13条 第14条 第17条 第22条 第25条 第28条第３項 第29条 第33条 第34条 第35条 第36条 第40条 第43条、第54条 第44条、第54条 第44条第10号 第45条、第54条 第45条第３項 第47条、第54条 第48条、第54条 第51条、第54条 第52条、第54条 第53条 第55条 第55条の２ 第56条 第142条第２項 所属長の命令及び所属長の任務 勤務時間中の組合活動の承認 他の業務への関与の許可 公職選挙の立候補届出及び就任の届出 遅刻、早退又は欠勤の届出及び承認 居住地の届出 赴任の遅延の承認 時間外及び休日勤務の命令 勤務割の指定 日直及び宿直の当直時間の設定 所属長のもとを離れて勤務する場合の勤務時間 リモートワークの承認 休日の設定 休日の変更 所属長のもとを離れて勤務する場合の休日 年次休暇の時季変更 ライフプラン休暇の承認 特別休暇の承認 勤務能率の発揮又は増進のための行事の計画・実施 病気休暇の承認 医師の指定 公傷休暇の承認 通勤災害休暇の承認 組合休暇の承認 市町村の議会の議員等の休暇の承認 不妊治療サポート休暇の承認 子の養育又は介護を行う者の時間外勤務の免除の申出 子の養育又は介護を行う者の時間外勤務の制限の申出 子の養育又は介護を行う者の深夜業の制限の申出 健康診断の日時及び場所の指定\n\n別表２\n\nキャリアS就業規則における所属長の範囲', 'metadata': {'source': None, 'category_depth': 0, 'page_number': 5, 'languages': ['jpn'], 'filetype': 'application/vnd.openxmlformats-officedocument.wordprocessingml.document', 'url': 'http://localhost:8080/docs/.vantiq/semanticindexes/jp.co.nttexc.workRules/entries/06 社員就業規則における所属長の範囲に関する規程_202507_policy-operations_regulation_employee', 'text_as_html': '<table><tr><td>条 項</td><td>事 項</td><td>所属長の範囲</td></tr><tr><td>第３条 第９条 第10条 第12条 第13条 第20条 第23条 第26条 第30条 第31条 第32条 第33条 第37条 第39条、第48条 第39条第１項第10号 第40条、第48条 第40条第３項 第42条、第48条 第43条、第48条 第47条、第48条 第49条 第50条 第51条 第60条第４項</td><td>所属長の命令 他の業務への関与の許可 公職選挙の立候補届出及び就任の届出 遅刻、早退又は欠勤の届出及び承認 居住地の届出 時間外・休日勤務の命令 勤務割の指定 所属長のもとを離れて勤務する場合の勤務時間 リモートワークの承認 休日の設定 休日の変更 所属長のもとを離れて勤務する場合の休日 年次休暇の時季変更 特別休暇の承認 勤務能率の発揮又は増進のための行事の計画・実施 病気休暇の承認 医師の指定 公傷休暇の承認 通勤災害休暇の承認 組合休暇の承認 子の養育を行う者の時間外勤務の免除の申出 子の養育又は介護を行う者の時間外勤務の制限の申出 子の養育又は介護を行う者の深夜業の制限の申出 退職の申出及び承認</td><td/></tr></table>', 'parent_id': '0b22a37c0f615fe2776e60ae6220bf59', 'categories': ['policy-operations', 'regulation', 'employee'], 'is_qa': False, 'can_open': True, 'display_name': '06 社員就業規則における所属長の範囲に関する規程_202507.docx', 'uploaded_at': '2026-02-20 14:40:22', 'id': '06 社員就業規則における所属長の範囲に関する規程_202507_policy-operations_regulation_employee', 'fileName': '06 社員就業規則における所属長の範囲に関する規程_202507.docx', '_id': '525c8402-128e-4b02-aa1e-e1b2ee87e951', '_collection_name': 'jp.co.nttexc.workRules__your_navi_qai_docomo'}, 'score': 0.90722765}]",,,2026-06-05T04:52:50.690Z,1780635165483
DM,a:1Qb9XtdPp2KTe2Fi9PJ83omzreCZDeToCV533n94Vc3sR1q0O34x74G-Z-mQ9RKpvdcj6p_ytouRFOEQ7gvDwzyg0UIYm03E3RgTzSy-VD-EN2EpQZdM2Uj7gBLKcZGh_,assistant,"検索結果から、就労証明書の申請方法に関する具体的な手順や申請先の情報は見つかりませんでした。

この件については、適切な問い合わせ先への確認が必要です。

※AIの回答は必ずしも正確ではありません。参照情報も確認いただき、最終判断は所属部署の公式情報をご確認ください。",,,,,,2026-06-05T04:52:54.262Z,1780635165483
DM,a:1wyjGzKLYHuPkw-Nqrq87sFWSduiT4-A8pCfJFpSEqO4VacSeFQAH5DtcHcegh0f9bDFhP0mvEMsYA6fplsVkwpklJP9pE8roiWSLlVqI_IGkAKw1InimpMk7IvWk4VYh,user,派遣社員を契約したい。staffiaでまず実施するのは人員要求でよいですか。そのあと見積り提示がされるのですが、そのあとどのような手続きをすればいいかわからない。派遣元に採用をおくったあと、別で個別契約をつくるかたち？,Junichi Nishido (西戸 淳一),,,,,2026-06-05T08:57:49.689Z,1780649868695
DM,a:1wyjGzKLYHuPkw-Nqrq87sFWSduiT4-A8pCfJFpSEqO4VacSeFQAH5DtcHcegh0f9bDFhP0mvEMsYA6fplsVkwpklJP9pE8roiWSLlVqI_IGkAKw1InimpMk7IvWk4VYh,assistant,[カテゴリ選択],,システム操作 > Staffia,,,,2026-06-05T08:57:52.102Z,1780649868695
DM,a:1wyjGzKLYHuPkw-Nqrq87sFWSduiT4-A8pCfJFpSEqO4VacSeFQAH5DtcHcegh0f9bDFhP0mvEMsYA6fplsVkwpklJP9pE8roiWSLlVqI_IGkAKw1InimpMk7IvWk4VYh,assistant,[選択された関数][searchEmployeeRules],,,,,,2026-06-05T08:57:52.098Z,1780649868695
DM,a:1wyjGzKLYHuPkw-Nqrq87sFWSduiT4-A8pCfJFpSEqO4VacSeFQAH5DtcHcegh0f9bDFhP0mvEMsYA6fplsVkwpklJP9pE8roiWSLlVqI_IGkAKw1InimpMk7IvWk4VYh,tool,[searchEmployeeRulesの実行結果],,,"[{'content': 'システムのインターフェースは異なるものの、スタッフ要求～個別契約についての流れは概ね同様。\n\nスタッフ要求・見積依頼\n\n個別契約\n\n簡易申請に必要事項を記載し、\n\n人員要求。\n\n派遣会社から回答後、候補者選定 申請を実施し派遣会社確定。\n\n共通申請で個別契約申請を実施。\n\n派遣会社からの回答後、個別契約成立。\n\nDREAMS ・ BUSKETS\n\n\n\nG共通IT（決裁）で実施伺い後、Staffiaに必要事項を記載し、\n\nスタッフ要求・見積依頼を実施し、派遣会社からの回答を得る。\n\n\n\nG共通IT（決裁）で実施伺い後、派遣会社を確定。Staffiaで個別契約内 容を派遣会社に提示。派遣会社からの回答内容を確認・承認後、個別契約 成立。\n\nスタッフ要求書作成\n\n派遣会社へ見積依頼\n\n個別契約内容を作成し、派遣会社へ提示\n\n派遣会社からの回答内容を確認・承認後、 個別契約成立\n\nStaffia\n\n6', 'metadata': {'languages': ['eng'], 'page_number': 6, 'filename': '【業務ID_6】Staffia業務マニュアル（派遣先組織向け）1.1版.pdf', 'filetype': 'application/pdf', 'parent_id': '5e58660be295603b41f092a32e8284ea', 'fileName': '【業務ID_6】Staffia業務マニュアル（派遣先組織向け）1.1版.pdf', 'startPage': 1, 'pageCount': 20, 'uploaded_at': '2026-03-05 14:11:57', 'is_qa': False, 'categories': ['system', 'staffia'], 'id': '【業務ID_6】Staffia業務マニュアル（派遣先組織向け）1.1版_system_staffia', 'display_name': '【業務ID_6】Staffia業務マニュアル（派遣先組織向け）1.1版.pdf', 'can_open': True, '_id': '7f94965e-ea4f-4de0-98bc-b6fb10aea6fa', '_collection_name': 'jp.co.nttexc.workRules__your_navi_qai_docomo'}, 'score': 0.947542}, {'content': 'ポイント\n\n件名 決裁していただきたい事項 :契約期間、業務内容、取引先、費用 添付ファイル G決裁(決裁)利用メニュー :すべて ＞ 文書回覧 ＞ 文書回覧の新規作成 非公開フラグ 回覧ルート\n\n: 【実施伺い】人材派遣契約の実施について（○○担当）等\n\n:Staffiaで作成した仕様書のPDFを添付する\n\n:個人情報が含まれる場合は「非公開フラグ」にチェックする :決裁者は派遣先責任者（派遣受入の決定権を持つ方）となるように承認フローを設定\n\n44', 'metadata': {'languages': ['eng'], 'page_number': 44, 'filename': '【業務ID_6】Staffia業務マニュアル（派遣先組織向け）1.1版.pdf', 'filetype': 'application/pdf', 'parent_id': '9b00686012168ec5e71b8ccc4863373e', 'fileName': '【業務ID_6】Staffia業務マニュアル（派遣先組織向け）1.1版.pdf', 'startPage': 41, 'pageCount': 20, 'uploaded_at': '2026-03-05 14:11:57', 'is_qa': False, 'categories': ['system', 'staffia'], 'id': '【業務ID_6】Staffia業務マニュアル（派遣先組織向け）1.1版_system_staffia', 'display_name': '【業務ID_6】Staffia業務マニュアル（派遣先組織向け）1.1版.pdf', 'can_open': True, '_id': 'b2fbd1bf-ae92-4642-967d-a0cb5be53231', '_collection_name': 'jp.co.nttexc.workRules__your_navi_qai_docomo'}, 'score': 0.9357788}, {'content': '種別\n\n製品名\n\nスタッフ要求書の作成から見積依頼、派遣元会社の選定まで、派遣契約の見積 もりに関する一連の業務を行う際にご利用いただきます。 ご利用いただく対象者は、『要求担当者』、『契約担当者』、『契約確定者』 、『システム管理者』の権限を有する方となります。\n\n基本契約、個別契約の締結・変更、締結済みの契約内容の参照など、派遣元会 社との間で締結する契約に関する一連の業務を行う際にご利用いただきます。 ご利用いただく対象者は、『基本契約担当者』、『基本契約確定者』、『要求 担当者』、『契約担当者』、『契約確定者』の権限を有する方となります。\n\n派遣労働者の日々の勤務の申請・承認、月末・月初の勤務実績の集計・承認な ど勤務管理に関する一連の業務を行う際にご利用いただきます。 ご利用いただく対象者は、『システム管理者』、『勤務管理システム担当者』 、『勤務承認者』の権限を有する方と派遣労働者となります。\n\n派遣元会社から発行された請求書、請求内容、請求額を確認するなど、請求に 関する一連の業務を行う際にご利用いただきます。 ご利用いただく対象者は、『請求確認者』の権限を有する方となります。\n\n本サービスを使用するための、会社情報の設定、社員のサービスへの登録を行 います。ご利用いただく対象者は、『システム管理者』、『基本情報登録担当 者』および、『権限設定担当者』の権限を有する方となります。 また、ご利用いただいている全ての方が、パスワードの変更や基本情報の確認 、変更を行う際にもご利用いただきます。\n\n17', 'metadata': {'languages': ['eng'], 'page_number': 17, 'filename': '【業務ID_6】Staffia業務マニュアル（派遣先組織向け）1.1版.pdf', 'filetype': 'application/pdf', 'parent_id': '46d743a83f0cce94fba81c52fde3dfa7', 'fileName': '【業務ID_6】Staffia業務マニュアル（派遣先組織向け）1.1版.pdf', 'startPage': 1, 'pageCount': 20, 'uploaded_at': '2026-03-05 14:11:57', 'is_qa': False, 'categories': ['system', 'staffia'], 'id': '【業務ID_6】Staffia業務マニュアル（派遣先組織向け）1.1版_system_staffia', 'display_name': '【業務ID_6】Staffia業務マニュアル（派遣先組織向け）1.1版.pdf', 'can_open': True, '_id': '486c7012-ea1d-4fa5-bbf2-d7e861c96540', '_collection_name': 'jp.co.nttexc.workRules__your_navi_qai_docomo'}, 'score': 0.935771465}, {'content': '業務プロセス\n\nスタッフ要求 見積依頼\n\n個別契約\n\n勤務管理\n\n支払\n\n\uf0d8 1\n\n2 \uf0d8\n\n\uf0d8 3\n\nAs-Is(～26.3)\n\n利用システム\n\n簡易申請 ・ BUSKETS\n\n共通申請 ・ BUSKETS\n\nスケジューラ\n\n簡易申請/検収 ・ BUSKETS\n\nオペレーション内容\n\n人員要求申請\n\n派遣会社回答\n\n候補者選定申請（派遣会社決定）\n\n人材派遣契約申請\n\n決裁承認\n\n派遣会社回答\n\n契約締結\n\n勤務系申請（時間外・休暇・旅費等）\n\n承認\n\n支払額確認\n\n派遣会社回答\n\n検収（支払）\n\n1\n\n業務プロセス\n\n初期設定\n\nスタッフ要求 見積依頼\n\n個別契約\n\n勤務管理\n\n支払\n\n３\n\nTo-Be(26.4～)\n\n利用システム\n\nStaffia\n\n2\n\nG共通IT（決裁）\n\nStaffia\n\nG共通IT（決裁）\n\nStaffia\n\nオペレーション内容\n\n操作者登録や権限設定 等\n\nスタッフ要求実施伺い申請/承認\n\nスタッフ要求・見積依頼\n\n派遣会社回答\n\n個別契約実施伺い申請/承認 （派遣会社決定） 個別契約書案提示\n\n派遣会社回答\n\n個別契約承認\n\n契約締結 勤務系申請 （業務内容登録・時間外・休暇・旅費 等） 日次承認\n\n勤務管理 月次承認\n\n派遣会社確認・請求書発行\n\n請求額確認・支払 ※G共通IT（財務）に自動連係\n\n4', 'metadata': {'languages': ['eng'], 'page_number': 4, 'filename': '【業務ID_6】Staffia業務マニュアル（派遣先組織向け）1.1版.pdf', 'filetype': 'application/pdf', 'parent_id': '91ed36b1df7719771c72c97e296cb356', 'fileName': '【業務ID_6】Staffia業務マニュアル（派遣先組織向け）1.1版.pdf', 'startPage': 1, 'pageCount': 20, 'uploaded_at': '2026-03-05 14:11:57', 'is_qa': False, 'categories': ['system', 'staffia'], 'id': '【業務ID_6】Staffia業務マニュアル（派遣先組織向け）1.1版_system_staffia', 'display_name': '【業務ID_6】Staffia業務マニュアル（派遣先組織向け）1.1版.pdf', 'can_open': True, '_id': 'a29e5924-0901-4828-a03f-1754e11fc038', '_collection_name': 'jp.co.nttexc.workRules__your_navi_qai_docomo'}, 'score': 0.940114975}]",,,2026-06-05T08:57:56.404Z,1780649868695
DM,a:1wyjGzKLYHuPkw-Nqrq87sFWSduiT4-A8pCfJFpSEqO4VacSeFQAH5DtcHcegh0f9bDFhP0mvEMsYA6fplsVkwpklJP9pE8roiWSLlVqI_IGkAKw1InimpMk7IvWk4VYh,assistant,"派遣社員の契約手続きについて、Staffiaでの流れは以下の通りです。

- まず「人員要求（スタッフ要求）」を行います。
- 派遣会社から見積りが提示されます。
- 見積り内容を確認し、候補者選定や派遣会社の決定を行います。
- 派遣会社が決定したら、個別契約内容を作成し、Staffia上で派遣会社に提示します。
- 派遣会社からの回答内容を確認・承認後、個別契約が成立します。

つまり、見積り提示後は、派遣会社の決定と個別契約内容の作成・提示、そして承認という流れになります。個別契約は別途作成し、派遣会社と締結する形です。

ご不明な点があれば、具体的な手続きや操作方法について追加でご質問ください。

※AIの回答は必ずしも正確ではありません。参照情報も確認いただき、最終判断は所属部署の公式情報をご確認ください。",,,,,,2026-06-05T08:57:59.519Z,1780649868695
